student_id,name,email,username,password,role
250001,Tim Hoffman,laurarich@figueroa-thompson.biz,Tim,password,Student
250002,Michael Lester,danderson@james.com,Michael,password,Student
250003,Ashley Scott,ashley57@gmail.com,Ashley,password,Student
250004,Johnny Greene,stacey20@washington-peterson.net,Johnny,password,Student
250005,Ashley Burke,ufoster@gmail.com,Ashley,password,Student
250006,Todd Reyes,cgarcia@hotmail.com,Todd,password,Student
250007,Lauren Arias,dhardy@yahoo.com,Lauren,password,Student
250008,Ashley Ramsey,yorksherri@hotmail.com,Ashley,password,Student
250009,Larry Perez,marshallstephanie@fields.com,Larry,password,Student
250010,Erin Hoffman,fthomas@hotmail.com,Erin,password,Student
250011,Crystal Schultz,mnguyen@peters-schwartz.com,Crystal,password,Student
250012,Melissa Smith,jennifer74@gmail.com,Melissa,password,Student
250013,Thomas Warren,jamesstephens@gmail.com,Thomas,password,Student
250014,John Robertson,fowlernicole@hotmail.com,John,password,Student
250015,Michael Wallace,patriciabaxter@perry-barrera.com,Michael,password,Student
250016,Elizabeth Jones,jross@hotmail.com,Elizabeth,password,Student
250017,Allen Miller,codypage@hotmail.com,Allen,password,Student
250018,Laurie Steele,wilsondavid@lewis.org,Laurie,password,Student
250019,Cindy Foster,brian75@yahoo.com,Cindy,password,Student
250020,Brianna Bennett,tinamartinez@meyer-riley.org,Brianna,password,Student
250021,Jason Rose,tonya49@stewart-parker.com,Jason,password,Student
250022,Mark Marks,leeboone@madden.com,Mark,password,Student
250023,Darlene Krueger,djenkins@gmail.com,Darlene,password,Student
250024,Dean West,justin25@wallace.com,Dean,password,Student
250025,Herbert Mcintosh,wdavis@mitchell-edwards.com,Herbert,password,Student
250026,Jason Ward,benderbrooke@gmail.com,Jason,password,Student
250027,Maria Foster,brian51@yahoo.com,Maria,password,Student
250028,Allen Wang,hudsonjesse@greer-parker.net,Allen,password,Student
250029,Christopher Nguyen,wattsnatalie@neal.com,Christopher,password,Student
250030,Barbara Lee,meyertamara@smith-weaver.com,Barbara,password,Student
250031,Christopher Chang,megan46@osborne.com,Christopher,password,Student
250032,Patrick Peters,bbrooks@gmail.com,Patrick,password,Student
250033,Jill Duffy,housedevon@buchanan.com,Jill,password,Student
250034,Veronica Lane,moorechristopher@hall-combs.com,Veronica,password,Student
250035,Mary Robertson,pmcintosh@williams-solomon.com,Mary,password,Student
250036,Angela Johnson,maryflores@burns-lowe.biz,Angela,password,Student
250037,Matthew Padilla,victor86@scott.com,Matthew,password,Student
250038,Gary Prince,daniel10@west.com,Gary,password,Student
250039,Zachary Alexander,danielle13@yahoo.com,Zachary,password,Student
250040,Michael Howard,amybrown@gmail.com,Michael,password,Student
250041,Theresa Salas,gibsonregina@smith.com,Theresa,password,Student
250042,Barbara Lambert,reedlaura@martinez-oliver.biz,Barbara,password,Student
250043,Sarah Clay,rbrennan@hotmail.com,Sarah,password,Student
250044,Erica Thompson,quinnsteven@bailey.org,Erica,password,Student
250045,Nicole Castro,tyler47@buckley.com,Nicole,password,Student
250046,Donald Burton,rrogers@gmail.com,Donald,password,Student
250047,Erica Hill,ycunningham@sanders-hatfield.com,Erica,password,Student
250048,Amanda Cook,bcarrillo@gmail.com,Amanda,password,Student
250049,Michael Chavez,timothyritter@gmail.com,Michael,password,Student
250050,Dr. Jerome Monroe,millerchristopher@craig.com,Dr.,password,Student
250051,Autumn Price,matthewfowler@hotmail.com,Autumn,password,Student
250052,Lauren Trujillo,bellderrick@adams.com,Lauren,password,Student
250053,Whitney Wang,robertroy@hotmail.com,Whitney,password,Student
250054,Cynthia Perkins,lunamichael@gmail.com,Cynthia,password,Student
250055,Matthew Walton,zmartinez@gmail.com,Matthew,password,Student
250056,Eric Wilson,dward@thomas-smith.info,Eric,password,Student
250057,Cameron Jones,joshuadavis@gmail.com,Cameron,password,Student
250058,Jody Bright,rfernandez@hotmail.com,Jody,password,Student
250059,Candice Bowman,hoffmanjeffrey@tran.com,Candice,password,Student
250060,Ryan Lee,justinwilliams@hotmail.com,Ryan,password,Student
250061,Nicholas Shaw,nancyhawkins@hotmail.com,Nicholas,password,Student
250062,Stacey Tran,elizabeth84@medina.com,Stacey,password,Student
250063,Lisa Ayala,vanessa46@brooks-soto.com,Lisa,password,Student
250064,William Landry,cmartinez@cuevas.com,William,password,Student
250065,George Mason,santanamisty@schultz.com,George,password,Student
250066,Kathleen Stevens,ojohnson@hotmail.com,Kathleen,password,Student
250067,Christopher Dillon,matthewperez@edwards-little.com,Christopher,password,Student
250068,Tristan Friedman,matthew28@lee.com,Tristan,password,Student
250069,Mr. Alan Morris,erica03@yahoo.com,Mr.,password,Student
250070,Justin Walton,logan34@gmail.com,Justin,password,Student
250071,Victoria Tyler,kimberly33@yahoo.com,Victoria,password,Student
250072,Natalie Perez,gloriacarter@yahoo.com,Natalie,password,Student
250073,Kimberly Chavez,jamiecastro@flynn.com,Kimberly,password,Student
250074,Paul Poole,michael08@cruz-cole.org,Paul,password,Student
250075,David Brown,michael83@kennedy.org,David,password,Student
250076,Christopher Burke,william76@boyd.com,Christopher,password,Student
250077,Dr. Crystal Allen,aliciavasquez@gmail.com,Dr.,password,Student
250078,Vicki Guzman,michellezuniga@foley.org,Vicki,password,Student
250079,Melinda Howell,jacobgarcia@hotmail.com,Melinda,password,Student
250080,Amber Mcdonald,salasjohn@wolfe.biz,Amber,password,Student
250081,Mrs. Jessica Tucker,brooksryan@ayala-fisher.net,Mrs.,password,Student
250082,Brandon Haley,smarshall@gmail.com,Brandon,password,Student
250083,Adam Price,nathan55@hotmail.com,Adam,password,Student
250084,Anne Stanton,rickymays@hotmail.com,Anne,password,Student
250085,Christina Dennis,laneapril@hotmail.com,Christina,password,Student
250086,Mary Scott,ghernandez@gmail.com,Mary,password,Student
250087,Amanda Ward,patrick95@hart.com,Amanda,password,Student
250088,Michael Clark,johnsbridget@gmail.com,Michael,password,Student
250089,Kimberly Wilkinson,whitesarah@gmail.com,Kimberly,password,Student
250090,Pedro Tate,chloe04@hotmail.com,Pedro,password,Student
250091,Mark Long,xstewart@yahoo.com,Mark,password,Student
250092,John Craig,lewisdavid@hotmail.com,John,password,Student
250093,Justin Benson,tinapowell@hotmail.com,Justin,password,Student
250094,Donald Ortiz,oturner@hotmail.com,Donald,password,Student
250095,Lisa Johns,melanie35@brown-vega.biz,Lisa,password,Student
250096,Brianna Mcdonald,qtaylor@gmail.com,Brianna,password,Student
250097,Samuel Rodriguez,shepherdedward@webster.com,Samuel,password,Student
250098,Danielle Simmons,william97@yahoo.com,Danielle,password,Student
250099,Erika Greene,karinaherrera@archer.com,Erika,password,Student
250100,Scott Cannon,robertvaughn@garcia.net,Scott,password,Student
250101,Mary Lara,andersondavid@hotmail.com,Mary,password,Student
250102,Michael Burton,jennifer27@stokes.org,Michael,password,Student
250103,Terry Scott,srhodes@smith.com,Terry,password,Student
250104,Dawn Villarreal,josephbright@powers.info,Dawn,password,Student
250105,Jason Camacho,brianholt@mills-myers.biz,Jason,password,Student
250106,Eric Luna,kimberlyschwartz@yahoo.com,Eric,password,Student
250107,Jodi Jordan,cbrown@hotmail.com,Jodi,password,Student
250108,Mark Martin,odavis@yahoo.com,Mark,password,Student
250109,Brett Simpson,douglas17@gmail.com,Brett,password,Student
250110,Dennis Williams,michael88@clark-mitchell.info,Dennis,password,Student
250111,William Neal,angela88@gmail.com,William,password,Student
250112,Jeffrey Banks,tmiller@owens.com,Jeffrey,password,Student
250113,Patricia Hughes,jchambers@gmail.com,Patricia,password,Student
250114,Amber Molina,jeremy72@gmail.com,Amber,password,Student
250115,Sonia Downs,wsanchez@wallace.com,Sonia,password,Student
250116,Stephanie Rodriguez,johnwood@yahoo.com,Stephanie,password,Student
250117,Selena Flores,combsalexander@yahoo.com,Selena,password,Student
250118,Eric West,nsmith@vaughan.info,Eric,password,Student
250119,Zachary Potts,jmartin@singh.com,Zachary,password,Student
250120,David Holmes,torresstephanie@yahoo.com,David,password,Student
250121,Amanda Price,woodcourtney@yahoo.com,Amanda,password,Student
250122,Ryan Wright,csmith@may.com,Ryan,password,Student
250123,Jeffrey Campbell,amandariddle@ritter.org,Jeffrey,password,Student
250124,Lindsay Blair,dcarpenter@miller.org,Lindsay,password,Student
250125,Jeremy Burke,nicholas16@jacobs.net,Jeremy,password,Student
250126,Travis Bradley,edward23@king.com,Travis,password,Student
250127,Samantha Bailey,amanda10@hotmail.com,Samantha,password,Student
250128,Andrew Wong,simmonsdamon@lee-smith.com,Andrew,password,Student
250129,Brett Moss,rgallegos@ortiz.com,Brett,password,Student
250130,Kathryn Francis,uadams@watkins.com,Kathryn,password,Student
250131,David Sullivan,libarra@powell.com,David,password,Student
250132,Zachary Sawyer,robert72@hotmail.com,Zachary,password,Student
250133,Kevin Austin,christopherstrickland@yahoo.com,Kevin,password,Student
250134,Brett Fisher,phillip82@garcia.com,Brett,password,Student
250135,Jeffrey Kelley,caldwellheather@yahoo.com,Jeffrey,password,Student
250136,Nicholas Howard,meganspencer@martinez.com,Nicholas,password,Student
250137,Susan Jackson,tommy21@harris-diaz.org,Susan,password,Student
250138,George Collins,smithrachel@hotmail.com,George,password,Student
250139,Jennifer Goodwin,jenkinschristopher@gmail.com,Jennifer,password,Student
250140,Michael Hernandez,stephen12@white.com,Michael,password,Student
250141,Sherry Ruiz,rickymcneil@anderson-knight.info,Sherry,password,Student
250142,Steven Mercado,moraleskara@wu.org,Steven,password,Student
250143,Pamela Delacruz,maxwellbrian@yahoo.com,Pamela,password,Student
250144,Rachel Valencia,zmcbride@turner.com,Rachel,password,Student
250145,Melissa Turner,andrew26@salas.biz,Melissa,password,Student
250146,Michael Fleming,suzanneross@baker-carter.com,Michael,password,Student
250147,Cassandra Goodman,dhart@gmail.com,Cassandra,password,Student
250148,Jennifer Evans,christopher40@bryant.com,Jennifer,password,Student
250149,Becky Robinson,jonathanherman@hotmail.com,Becky,password,Student
250150,Maxwell Perez,elizabeth01@wolf.com,Maxwell,password,Student
250151,Ann Durham,carl92@yahoo.com,Ann,password,Student
250152,Wesley Martin,hartmanmark@gmail.com,Wesley,password,Student
250153,Daniel Brown,swilliams@hawkins.com,Daniel,password,Student
250154,Brittney Boyd,maliksmith@yahoo.com,Brittney,password,Student
250155,Emily Tran,andrewsbruce@bell-zamora.info,Emily,password,Student
250156,Catherine Erickson,jjones@yahoo.com,Catherine,password,Student
250157,Kiara Schmitt,breanna48@gmail.com,Kiara,password,Student
250158,Julia Griffin,jennifer81@gmail.com,Julia,password,Student
250159,Todd Kelly,williamterrell@steele.com,Todd,password,Student
250160,Allen Conway,michael28@yahoo.com,Allen,password,Student
250161,Joshua Davies,reynoldslisa@smith.com,Joshua,password,Student
250162,John Schultz,glong@bryant-johnson.info,John,password,Student
250163,Deborah Schneider,natalie76@yahoo.com,Deborah,password,Student
250164,Katrina Moore,vharrison@lucas.com,Katrina,password,Student
250165,Timothy Carson,abaldwin@carter-edwards.com,Timothy,password,Student
250166,Billy Patterson,mlopez@harris.net,Billy,password,Student
250167,Cynthia Clark,chloe44@gutierrez.biz,Cynthia,password,Student
250168,Amanda Stafford,alvaradokyle@barnett.com,Amanda,password,Student
250169,Amy Wade,garciaamanda@hotmail.com,Amy,password,Student
250170,Kristin Lopez,sandovalmichael@stevens.com,Kristin,password,Student
250171,Eric Howard,debbiemiranda@arias.net,Eric,password,Student
250172,Michelle Johnson,benjaminthomas@gmail.com,Michelle,password,Student
250173,Nathan Figueroa,lewispatrick@dodson.net,Nathan,password,Student
250174,Ryan Gonzalez,ndavis@yahoo.com,Ryan,password,Student
250175,Mrs. Jamie Solomon,robertaanderson@mccarthy.com,Mrs.,password,Student
250176,Adriana Dalton,holmesbrian@gmail.com,Adriana,password,Student
250177,Amanda Randall,teresa96@gmail.com,Amanda,password,Student
250178,Tracy Cooper,garciafrank@hotmail.com,Tracy,password,Student
250179,Jason Cross,rfreeman@rodriguez.net,Jason,password,Student
250180,Jeffrey Lucas,dale18@jenkins-allen.com,Jeffrey,password,Student
250181,Eric Brooks,ykelley@gmail.com,Eric,password,Student
250182,Roy Stephenson,sloanalexander@rojas.com,Roy,password,Student
250183,Lisa Smith,ericmoreno@sullivan-miller.com,Lisa,password,Student
250184,Jason Mclean,davidnguyen@williams.com,Jason,password,Student
250185,Michael Young,martinjustin@fitzgerald.com,Michael,password,Student
250186,Edward Johnson,kpoole@mcknight-dickerson.biz,Edward,password,Student
250187,Sean Riggs,fwoods@gould.com,Sean,password,Student
250188,Robert Whitney,rushmary@yahoo.com,Robert,password,Student
250189,Monique Morris,bmurray@gmail.com,Monique,password,Student
250190,Scott White,harrisonsergio@bates.info,Scott,password,Student
250191,John Mathis,hclark@gmail.com,John,password,Student
250192,Taylor Gutierrez,ekennedy@hotmail.com,Taylor,password,Student
250193,Jeffrey Morrow,carrillorebecca@gmail.com,Jeffrey,password,Student
250194,Tara Huang,toddmedina@andersen.com,Tara,password,Student
250195,John Robinson,gonzalezrichard@mitchell-west.info,John,password,Student
250196,Michael Yang,xmitchell@yu.biz,Michael,password,Student
250197,Matthew Wang,codygibson@smith-montgomery.com,Matthew,password,Student
250198,Devin Moss,johnnewman@hotmail.com,Devin,password,Student
250199,Robert Everett,jamesward@dickerson.com,Robert,password,Student
250200,Shane Brown,romeromichaela@gmail.com,Shane,password,Student
250201,Edward Strickland,leah86@jones.net,Edward,password,Student
250202,Brian Meyers,nodom@perez.com,Brian,password,Student
250203,Erin Wu,ruizapril@lee.com,Erin,password,Student
250204,Susan Jones,amandafuller@jimenez.com,Susan,password,Student
250205,Chase Brock,ortizchristopher@yahoo.com,Chase,password,Student
250206,Donald Boyer,thomasbrooks@white.biz,Donald,password,Student
250207,David Turner,sullivanpatrick@gmail.com,David,password,Student
250208,Carolyn Webb,nicole97@swanson-curry.info,Carolyn,password,Student
250209,Christine Fox,michael34@wells.net,Christine,password,Student
250210,Luis Casey,moralesmary@lee.net,Luis,password,Student
250211,Sara Villa,kurt76@hamilton.com,Sara,password,Student
250212,Tanya Moon,wallacematthew@campbell.com,Tanya,password,Student
250213,Bobby Fowler,iserrano@yahoo.com,Bobby,password,Student
250214,Bryan Gardner,pcooper@hotmail.com,Bryan,password,Student
250215,Brooke Ramirez,troy92@hensley-ramos.net,Brooke,password,Student
250216,Jennifer Thomas,alexandercontreras@gmail.com,Jennifer,password,Student
250217,Jeffrey Castillo,cpatterson@yahoo.com,Jeffrey,password,Student
250218,Lindsay Obrien,yschmidt@kim.com,Lindsay,password,Student
250219,Robin Gonzalez,stephanie98@hotmail.com,Robin,password,Student
250220,Cody Mitchell,wwhite@king-fleming.info,Cody,password,Student
250221,Jeffrey Young,shawn30@sims-duncan.com,Jeffrey,password,Student
250222,Nicole Davis,markarmstrong@yahoo.com,Nicole,password,Student
250223,Cristian Wilson,nreid@johnson.biz,Cristian,password,Student
250224,Carolyn Pierce,thomasanthony@waller-miller.com,Carolyn,password,Student
250225,Johnny Willis,daniel48@king-ward.com,Johnny,password,Student
250226,Kristina Riddle,fisherbenjamin@martinez-wall.biz,Kristina,password,Student
250227,James Lindsey,klarsen@hotmail.com,James,password,Student
250228,Larry Young DDS,wrush@walker.com,Larry,password,Student
250229,Amy Harris,singletonsteven@alvarado-holmes.biz,Amy,password,Student
250230,Zachary Fields,wiseanna@gomez-raymond.info,Zachary,password,Student
250231,Rebecca Weaver,pjacobson@bentley.biz,Rebecca,password,Student
250232,Gregory Diaz,nancy08@yahoo.com,Gregory,password,Student
250233,Billy Thomas,ericpowell@turner.com,Billy,password,Student
250234,Heidi Mitchell,haileyholmes@yahoo.com,Heidi,password,Student
250235,Mckenzie Ross,fwheeler@yahoo.com,Mckenzie,password,Student
250236,Kelly Swanson,dgoodman@gmail.com,Kelly,password,Student
250237,Suzanne Hanna,tommy85@reynolds.net,Suzanne,password,Student
250238,Lori Brown,loganjennifer@yahoo.com,Lori,password,Student
250239,Christopher Bond,ericaguilar@sanders.org,Christopher,password,Student
250240,Michelle Russell,rubiostephanie@hotmail.com,Michelle,password,Student
250241,Monica Smith,jonessarah@cherry-garrett.net,Monica,password,Student
250242,Christopher Bryant,anthony72@hotmail.com,Christopher,password,Student
250243,Diane Gibson,holdensusan@yahoo.com,Diane,password,Student
250244,Tony Wolf,rita45@parker.com,Tony,password,Student
250245,Denise Ramos,austin51@patterson-wells.com,Denise,password,Student
250246,Jeffrey Gates,wilsonantonio@gmail.com,Jeffrey,password,Student
250247,Faith Watkins,higginschristian@gmail.com,Faith,password,Student
250248,Katrina Brooks,gsantana@smith.com,Katrina,password,Student
250249,Michael Cummings,gbell@hotmail.com,Michael,password,Student
250250,Jo Powell,kevindavis@yahoo.com,Jo,password,Student
250251,Robert Sanders,clayton14@yahoo.com,Robert,password,Student
250252,Alexa Ward,fvillarreal@hotmail.com,Alexa,password,Student
250253,Douglas Garcia,victoriahughes@shea.org,Douglas,password,Student
250254,Benjamin Gomez,qwhitehead@pratt.biz,Benjamin,password,Student
250255,Devin Swanson,bgilbert@gmail.com,Devin,password,Student
250256,Marc Miller,bethpalmer@ray-jones.com,Marc,password,Student
250257,Terri Beck,rubenmorris@hotmail.com,Terri,password,Student
250258,Travis Bush,allenjennifer@gmail.com,Travis,password,Student
250259,Tracy Wilson,chloeboyd@hotmail.com,Tracy,password,Student
250260,Emma Johnson,smithjade@fernandez-gibson.org,Emma,password,Student
250261,Peter Bryant,simsamy@duncan.com,Peter,password,Student
250262,Charles Ramirez,shelley29@king-rodriguez.com,Charles,password,Student
250263,Melanie Thomas,crodgers@yahoo.com,Melanie,password,Student
250264,Shelby Johnson,anthony90@gmail.com,Shelby,password,Student
250265,Regina Morton,jennifer10@white.com,Regina,password,Student
250266,Lori Richards,matthew81@snow-long.com,Lori,password,Student
250267,Ashley Freeman,mhernandez@smith.biz,Ashley,password,Student
250268,Jeffery Howell,zacharyhill@donovan.com,Jeffery,password,Student
250269,Pam Wheeler,caroltrujillo@castro-burton.com,Pam,password,Student
250270,Michael Caldwell,ibennett@hotmail.com,Michael,password,Student
250271,Ian Boyd,amanda16@gmail.com,Ian,password,Student
250272,Daniel Saunders,douglasschmidt@yahoo.com,Daniel,password,Student
250273,Allison Rivers,hillmichael@gmail.com,Allison,password,Student
250274,Emily Smith,robin57@gmail.com,Emily,password,Student
250275,Maria Brown,hatfieldmary@rodriguez-harmon.com,Maria,password,Student
250276,Mrs. Cheryl Jones DDS,doughertyjennifer@young.net,Mrs.,password,Student
250277,Kenneth Wiggins,wbrooks@hotmail.com,Kenneth,password,Student
250278,James Davis,fishermonica@gmail.com,James,password,Student
250279,Megan Peters,gloriaweaver@anderson.com,Megan,password,Student
250280,Mary Sanders,ashley65@hotmail.com,Mary,password,Student
250281,Michael Alvarez,welchkenneth@maldonado-tran.com,Michael,password,Student
250282,Mrs. Angelica Tate,vmckenzie@gmail.com,Mrs.,password,Student
250283,Theodore Clark,agomez@yahoo.com,Theodore,password,Student
250284,Nicole Dixon,patricia10@yahoo.com,Nicole,password,Student
250285,Dustin White,morrisonedwin@mason-parker.org,Dustin,password,Student
250286,Matthew Taylor,hinesbeverly@garcia.info,Matthew,password,Student
250287,Mr. Brett Williams,kiara83@ward.org,Mr.,password,Student
250288,Scott Norton,dixonmichelle@white-ferguson.net,Scott,password,Student
250289,Chelsea Hines,tiffany45@yahoo.com,Chelsea,password,Student
250290,Christian Harrison,gbrown@gmail.com,Christian,password,Student
250291,Kimberly Farmer,wilkinsjason@yahoo.com,Kimberly,password,Student
250292,Katherine Alexander,jeremywagner@hoffman-cooper.com,Katherine,password,Student
250293,Darryl Knox,farleyjessica@yahoo.com,Darryl,password,Student
250294,Jordan Lewis,bradbell@gmail.com,Jordan,password,Student
250295,Anthony Hurley,bradley04@hotmail.com,Anthony,password,Student
250296,Sharon Klein,xbowen@miller-newman.com,Sharon,password,Student
250297,Darren Jarvis,bharris@white-barnett.com,Darren,password,Student
250298,Bailey Berry,jeffrey89@mccullough.biz,Bailey,password,Student
250299,Michael Mejia,jortiz@trevino-williams.com,Michael,password,Student
250300,Michael King,markferguson@hotmail.com,Michael,password,Student
250301,Michael Brown,yramirez@jones-nelson.com,Michael,password,Student
250302,Linda Lambert,qchandler@daugherty-nunez.com,Linda,password,Student
250303,Kurt Obrien,tthompson@stewart.org,Kurt,password,Student
250304,Patrick French,michael23@turner.com,Patrick,password,Student
250305,Sarah Hill,swood@smith.com,Sarah,password,Student
250306,Michelle Shaffer,rebecca89@reed.info,Michelle,password,Student
250307,Kimberly Stark,kwilson@scott.biz,Kimberly,password,Student
250308,Steven Lloyd,umichael@yahoo.com,Steven,password,Student
250309,Christopher Stone,bradleyabbott@hotmail.com,Christopher,password,Student
250310,Kevin Caldwell,michelle11@gmail.com,Kevin,password,Student
250311,Dustin Hughes,butlerchristopher@hill.com,Dustin,password,Student
250312,George Bowman,jacob65@hotmail.com,George,password,Student
250313,Angel Ferguson,ronnie56@hotmail.com,Angel,password,Student
250314,Alexander Mcintyre,brownbrendan@gmail.com,Alexander,password,Student
250315,Tyler Hall,robertcunningham@hotmail.com,Tyler,password,Student
250316,Zachary Patrick,nharris@henderson.net,Zachary,password,Student
250317,Kerry Scott,kelseyjackson@morris.com,Kerry,password,Student
250318,Timothy Garner,williammaldonado@meyer.info,Timothy,password,Student
250319,Larry Cook,kross@yahoo.com,Larry,password,Student
250320,Leah Nielsen,cwalter@williams.com,Leah,password,Student
250321,Dakota Douglas,margaret04@hotmail.com,Dakota,password,Student
250322,Heather Thompson,lauramejia@gmail.com,Heather,password,Student
250323,Jennifer Madden,anthonymurray@powers-valencia.org,Jennifer,password,Student
250324,Diana Chen,shelbyharris@gmail.com,Diana,password,Student
250325,Paul Barrett,david87@hotmail.com,Paul,password,Student
250326,Shannon White,sarajohnson@white.com,Shannon,password,Student
250327,Christina Black DDS,ptaylor@young.info,Christina,password,Student
250328,Edward Green,khunt@choi-haley.com,Edward,password,Student
250329,Denise Leblanc,mmorrison@gmail.com,Denise,password,Student
250330,Samuel Tate,knightbrittany@yahoo.com,Samuel,password,Student
250331,John Martinez,uryan@mccullough-bradley.biz,John,password,Student
250332,Pamela Young,lowerykathleen@hotmail.com,Pamela,password,Student
250333,David Smith,cody84@hotmail.com,David,password,Student
250334,Stephen Harris,jacob22@green-phillips.com,Stephen,password,Student
250335,Alejandra Silva,monica84@gmail.com,Alejandra,password,Student
250336,Joshua Chan,amathews@vargas.com,Joshua,password,Student
250337,Austin Ortega,berrymatthew@yahoo.com,Austin,password,Student
250338,Anthony Fuller,hshah@english-morales.com,Anthony,password,Student
250339,Jessica Joseph,karina88@yahoo.com,Jessica,password,Student
250340,Cheryl Taylor,jonathanperry@parsons.com,Cheryl,password,Student
250341,Laura Leach,robertgray@gmail.com,Laura,password,Student
250342,Christopher Hernandez,collinschristopher@washington.com,Christopher,password,Student
250343,Brenda Lowe,xgarcia@nicholson.biz,Brenda,password,Student
250344,Emily Duncan,ebuchanan@carter-ingram.biz,Emily,password,Student
250345,Matthew Wilson,zdavis@hotmail.com,Matthew,password,Student
250346,Robert Mcneil,fernando81@davis.info,Robert,password,Student
250347,Joyce Kennedy DDS,jmosley@carroll-lee.biz,Joyce,password,Student
250348,Deborah Davis,kblack@campos.com,Deborah,password,Student
250349,Robert Fox,georgesutton@williams.info,Robert,password,Student
250350,Taylor Morris,barnettleslie@williams-moore.biz,Taylor,password,Student
250351,Chad White,julie07@tucker.net,Chad,password,Student
250352,Paula Sullivan,hvasquez@hotmail.com,Paula,password,Student
250353,Mr. David Griffin,simpsoncurtis@ramirez-lee.com,Mr.,password,Student
250354,Mr. Brandon Wolfe,tmurray@caldwell.com,Mr.,password,Student
250355,Ashley Santos,gabriela51@hotmail.com,Ashley,password,Student
250356,Wanda Miller,crawfordmichelle@ellis-walker.com,Wanda,password,Student
250357,Erin Miller,lisadaniels@cook-hill.com,Erin,password,Student
250358,Nicole Dennis,daniellesmith@williams-hunt.net,Nicole,password,Student
250359,Joseph Waters,erika87@russell-pope.com,Joseph,password,Student
250360,Stephanie Reed,martincynthia@brewer.com,Stephanie,password,Student
250361,Benjamin Sweeney,gatesmark@yahoo.com,Benjamin,password,Student
250362,Judy Lee,oterry@yahoo.com,Judy,password,Student
250363,Barbara Wyatt,jhoffman@gmail.com,Barbara,password,Student
250364,Maria Craig,jerry54@collins.com,Maria,password,Student
250365,Keith Bonilla,waltonwilliam@curtis-johnston.com,Keith,password,Student
250366,Melanie Chavez,lrogers@travis.com,Melanie,password,Student
250367,Thomas Phillips,sarah98@yahoo.com,Thomas,password,Student
250368,Tyler Holloway,amanda80@yahoo.com,Tyler,password,Student
250369,Elizabeth Campbell,millerjames@gmail.com,Elizabeth,password,Student
250370,Christopher Edwards,martinezjuan@hotmail.com,Christopher,password,Student
250371,Scott Smith,maria72@hotmail.com,Scott,password,Student
250372,Todd Smith,lynn06@cooper-miller.com,Todd,password,Student
250373,Martin Garcia,stephanie78@jackson-bean.net,Martin,password,Student
250374,Christopher White,caldwelljessica@williams.com,Christopher,password,Student
250375,Raymond Scott,torresmark@gmail.com,Raymond,password,Student
250376,Sandra Robinson,dnguyen@hotmail.com,Sandra,password,Student
250377,Erica Carter,cookmelissa@holt-white.biz,Erica,password,Student
250378,Nathan Griffith,glenn14@hotmail.com,Nathan,password,Student
250379,Jeff Lopez,fyoung@hotmail.com,Jeff,password,Student
250380,Donna Stewart,francispaul@mcmahon.com,Donna,password,Student
250381,Stephen Hall,lammikayla@yahoo.com,Stephen,password,Student
250382,Nicole Roberts,sydney43@gmail.com,Nicole,password,Student
250383,Stacy Rowe,jasminecrawford@davis.com,Stacy,password,Student
250384,Michelle Ross,ygardner@robinson.com,Michelle,password,Student
250385,Thomas Boone,rmiles@yahoo.com,Thomas,password,Student
250386,Samantha Richards,colemansamuel@chung.info,Samantha,password,Student
250387,William Butler,hamptonashley@gmail.com,William,password,Student
250388,Jack Mason,jkeller@rodgers-jones.net,Jack,password,Student
250389,Brooke Harris,fmiller@king.com,Brooke,password,Student
250390,Angie King,vwright@blackwell-carter.biz,Angie,password,Student
250391,Ryan Richardson,qgonzalez@gmail.com,Ryan,password,Student
250392,Gina Caldwell,ambercallahan@gmail.com,Gina,password,Student
250393,Anne Lewis,brent19@hernandez.com,Anne,password,Student
250394,Jessica Sandoval,juliejohnson@yahoo.com,Jessica,password,Student
250395,Megan Harris,antonioschneider@yahoo.com,Megan,password,Student
250396,Mary Camacho,xwood@vargas.com,Mary,password,Student
250397,Harold Perez,amyrush@sanders.net,Harold,password,Student
250398,Alexander Mckenzie,ryan33@hotmail.com,Alexander,password,Student
250399,Charles Ritter,lisa14@hotmail.com,Charles,password,Student
250400,John Douglas,hthomas@hotmail.com,John,password,Student
250401,Lori Wagner,ksmith@thomas.com,Lori,password,Student
250402,Robin Scott,jennifer64@gmail.com,Robin,password,Student
250403,Rachel Johnston,floresjohn@hotmail.com,Rachel,password,Student
250404,Harry Frank,hernandezalbert@yahoo.com,Harry,password,Student
250405,Daniel Taylor IV,alyssa23@yahoo.com,Daniel,password,Student
250406,Ryan Rogers,qcobb@zavala.biz,Ryan,password,Student
250407,Pamela Matthews,wiselisa@jackson-manning.com,Pamela,password,Student
250408,John Thomas,maryphillips@davis-tucker.biz,John,password,Student
250409,Laura Wyatt DDS,kristinahicks@palmer.com,Laura,password,Student
250410,Kenneth Powell,wsmith@gmail.com,Kenneth,password,Student
250411,James Simmons,uwright@diaz.com,James,password,Student
250412,Heather Collins,lindashelton@white.com,Heather,password,Student
250413,Zachary Whitaker,ronaldgrant@hotmail.com,Zachary,password,Student
250414,Jerry Maxwell,tamarakim@yahoo.com,Jerry,password,Student
250415,Thomas Richardson,hbradley@green.com,Thomas,password,Student
250416,Jack Wagner,andrew92@jackson.com,Jack,password,Student
250417,Kyle Carlson,christophergonzalez@white.biz,Kyle,password,Student
250418,Ashley Taylor,harrissandra@castillo.org,Ashley,password,Student
250419,Lori Everett,jenniferarcher@gmail.com,Lori,password,Student
250420,Daniel Smith,jacob41@roth.com,Daniel,password,Student
250421,Casey Wood,simsjacob@obrien.com,Casey,password,Student
250422,Jill Peters,robinsonscott@rodriguez-davis.net,Jill,password,Student
250423,Michael Tyler,michael31@morgan.biz,Michael,password,Student
250424,Susan Wright,marie34@cole-martinez.com,Susan,password,Student
250425,April Lynn DVM,chelsea09@hotmail.com,April,password,Student
250426,Steve Holloway,james62@mccarthy-buckley.com,Steve,password,Student
250427,Mitchell Mcknight,grayjohnny@meza-lewis.info,Mitchell,password,Student
250428,Ruth Gilbert,roberto78@gmail.com,Ruth,password,Student
250429,Julie Morgan,clarkryan@daugherty.net,Julie,password,Student
250430,Carolyn Cohen,lunamonica@gregory-grant.info,Carolyn,password,Student
250431,Thomas Lambert,arthur16@alvarez.com,Thomas,password,Student
250432,Sarah Hill,nelsonantonio@gmail.com,Sarah,password,Student
250433,Joseph Eaton,wgray@hotmail.com,Joseph,password,Student
250434,Mr. Jose Watson,david54@evans.com,Mr.,password,Student
250435,Angela Willis,robertbrady@gmail.com,Angela,password,Student
250436,Christina Lawrence,jasmine74@gmail.com,Christina,password,Student
250437,Linda Gibbs,asmith@wiggins.com,Linda,password,Student
250438,Anthony Christian,ronaldvazquez@gmail.com,Anthony,password,Student
250439,Andrea Burke,joycoffey@hotmail.com,Andrea,password,Student
250440,Andrea Fuentes,sara94@yahoo.com,Andrea,password,Student
250441,Tracy Cole,karen91@turner.info,Tracy,password,Student
250442,Jean Mclean,sthomas@yahoo.com,Jean,password,Student
250443,Zachary Lee,jacobcollins@rodriguez-walker.org,Zachary,password,Student
250444,Ernest Harrison,vprice@gmail.com,Ernest,password,Student
250445,Bailey Mack,lguerra@scott.com,Bailey,password,Student
250446,Frank Montoya,bhill@yahoo.com,Frank,password,Student
250447,Brian Simmons,kathleen72@gmail.com,Brian,password,Student
250448,Melissa Taylor,harrisvanessa@hotmail.com,Melissa,password,Student
250449,Sydney Thomas,taylorronald@lopez.com,Sydney,password,Student
250450,Dale Stark,jennifer08@gmail.com,Dale,password,Student
250451,Linda Barr,juan70@hale.com,Linda,password,Student
250452,Mary Fernandez,nmarquez@vaughn-davis.com,Mary,password,Student
250453,Oscar Burnett,mmarsh@yahoo.com,Oscar,password,Student
250454,Jon Russell,timothy09@yahoo.com,Jon,password,Student
250455,Robert Gardner,daniel17@hotmail.com,Robert,password,Student
250456,Robert Lopez,ashlee09@yahoo.com,Robert,password,Student
250457,Stephanie Simmons,royjennifer@martin.com,Stephanie,password,Student
250458,Becky Morse,tli@yahoo.com,Becky,password,Student
250459,Gregory Bradley,mbrown@hotmail.com,Gregory,password,Student
250460,Vanessa Davis,williamsonjessica@gmail.com,Vanessa,password,Student
250461,Matthew Sweeney,mary57@hotmail.com,Matthew,password,Student
250462,Yesenia Wallace,shelia99@gmail.com,Yesenia,password,Student
250463,Jennifer Armstrong,cchavez@hotmail.com,Jennifer,password,Student
250464,Roy White,robertmatthews@yahoo.com,Roy,password,Student
250465,Alexis Jennings,thompsontina@gonzalez.com,Alexis,password,Student
250466,Aaron Pope,john07@hotmail.com,Aaron,password,Student
250467,Joseph Russell,rpowell@gonzalez.com,Joseph,password,Student
250468,Tony Bush,zmartin@hotmail.com,Tony,password,Student
250469,Megan Chan,patriciaflynn@gmail.com,Megan,password,Student
250470,Troy Garcia,swalker@compton.com,Troy,password,Student
250471,Brian Williams,msanchez@gmail.com,Brian,password,Student
250472,James Webb,alejandrodavis@gmail.com,James,password,Student
250473,Kelly Greene,nicholasjohnson@yahoo.com,Kelly,password,Student
250474,Justin Curry,nlong@gmail.com,Justin,password,Student
250475,Thomas Walker,kclark@marquez.com,Thomas,password,Student
250476,Jeremy Lee,edwardolsen@jarvis-casey.org,Jeremy,password,Student
250477,Jeffery Vargas,sotoamy@turner-lawson.biz,Jeffery,password,Student
250478,Robert Barrera,amandamarks@murphy.com,Robert,password,Student
250479,Frederick Bowman,thomastorres@mendez.com,Frederick,password,Student
250480,Eric Schwartz,gbrennan@smith.com,Eric,password,Student
250481,Andrea Clark,brandonmcmahon@welch.com,Andrea,password,Student
250482,Richard Jenkins MD,scottbarton@allison.com,Richard,password,Student
250483,Tamara Aguilar,daniellesmith@hotmail.com,Tamara,password,Student
250484,Shawn Watkins,lisa55@hotmail.com,Shawn,password,Student
250485,Lisa Campbell,tnichols@yahoo.com,Lisa,password,Student
250486,Nathan Evans,boyerjustin@peterson.info,Nathan,password,Student
250487,Theodore Gomez,lopeznicholas@gmail.com,Theodore,password,Student
250488,Alison Thompson,hillbrandon@hotmail.com,Alison,password,Student
250489,Debbie Oneill,moorekimberly@rodriguez.net,Debbie,password,Student
250490,Marcus Willis,arose@hotmail.com,Marcus,password,Student
250491,Elizabeth Miller,aguilarkenneth@noble.biz,Elizabeth,password,Student
250492,Randy Foster,jeremiah90@johnson.com,Randy,password,Student
250493,Larry Barnett,rochakristen@perkins.net,Larry,password,Student
250494,Maurice Lawrence,castillodonald@yahoo.com,Maurice,password,Student
250495,Justin Bolton,ylynch@kim.org,Justin,password,Student
250496,Isaac Bryant,lawrencejennifer@yahoo.com,Isaac,password,Student
250497,Brandy Brooks,davidwillis@smith.info,Brandy,password,Student
250498,Eric Ingram,brentmiller@berg.com,Eric,password,Student
250499,Matthew Brown,aaron37@hotmail.com,Matthew,password,Student
250500,Kristin Blake,eugenethompson@hernandez-sutton.biz,Kristin,password,Student
250501,Antonio Jimenez,ewolf@andrade.com,Antonio,password,Student
250502,Joseph Herrera,jeffrey23@yahoo.com,Joseph,password,Student
250503,David Barnes,johnscott@perkins.com,David,password,Student
250504,Danielle Cervantes,nbowman@snyder.net,Danielle,password,Student
250505,Douglas Wilson PhD,james18@baxter.biz,Douglas,password,Student
250506,David Griffith MD,triley@bell.com,David,password,Student
250507,James Prince,ethan38@gmail.com,James,password,Student
250508,John Dillon,mrosales@gmail.com,John,password,Student
250509,Anna Rice,arogers@yahoo.com,Anna,password,Student
250510,Steven Garcia,trevor67@hotmail.com,Steven,password,Student
250511,Robert Mcknight,ufitzgerald@rivera-werner.com,Robert,password,Student
250512,Amanda Thomas,barbarakennedy@gilbert-ritter.org,Amanda,password,Student
250513,Christine Miller,vwilliams@stewart.com,Christine,password,Student
250514,Ariel Ponce,davisjohn@yahoo.com,Ariel,password,Student
250515,James Mcbride,baxterandrew@gmail.com,James,password,Student
250516,Spencer Barber,jpeters@arellano-mercado.com,Spencer,password,Student
250517,Amber Ballard,singletongarrett@hotmail.com,Amber,password,Student
250518,Sabrina Wells DDS,stephaniefloyd@bentley.org,Sabrina,password,Student
250519,Jason Schwartz,stevenstewart@gomez-owens.biz,Jason,password,Student
250520,Elizabeth Morales,zwilliams@fuller-parker.com,Elizabeth,password,Student
250521,Nicole Shannon,steven46@gmail.com,Nicole,password,Student
250522,Briana Patel,jeremy17@yahoo.com,Briana,password,Student
250523,Michael Graham,ronald25@gmail.com,Michael,password,Student
250524,Victor Taylor,howard47@yahoo.com,Victor,password,Student
250525,Mary Shaw,iwallace@gmail.com,Mary,password,Student
250526,Stanley Ortega,edwardhinton@flynn.com,Stanley,password,Student
250527,Erica Marks,aharrell@diaz.com,Erica,password,Student
250528,Sharon Jackson,danielsimmons@russell.com,Sharon,password,Student
250529,Steven Brown,popekaren@strong.com,Steven,password,Student
250530,Christopher Bryant,chungjames@hotmail.com,Christopher,password,Student
250531,Melissa Montgomery,lauralove@burton.org,Melissa,password,Student
250532,Shane Alexander,ybriggs@gmail.com,Shane,password,Student
250533,Michael Hernandez,nicholasstephens@yahoo.com,Michael,password,Student
250534,Lauren Gross,seanhumphrey@adams.org,Lauren,password,Student
250535,Zachary Sharp,michelereed@watson.com,Zachary,password,Student
250536,Amber Garcia,megan74@yahoo.com,Amber,password,Student
250537,Ashley Davis,patrickhickman@gmail.com,Ashley,password,Student
250538,Ian Glover,maynardkarina@carter.com,Ian,password,Student
250539,Amanda Wade,wterry@herrera.net,Amanda,password,Student
250540,Wendy Mills,justin92@bennett.com,Wendy,password,Student
250541,Luis Silva,sbrown@hotmail.com,Luis,password,Student
250542,Gregg Jones,kaitlyngay@mata.com,Gregg,password,Student
250543,Sandra Arnold,nnorton@gmail.com,Sandra,password,Student
250544,Shelby Barrett,scottdavid@henry-black.com,Shelby,password,Student
250545,Tiffany Wood,bethanyporter@gmail.com,Tiffany,password,Student
250546,Kristine Thomas,herreramichael@mason-carter.com,Kristine,password,Student
250547,Hailey Flowers,corey42@gmail.com,Hailey,password,Student
250548,Andrea West,gentrymegan@collins.com,Andrea,password,Student
250549,Bryan Gibbs,robertsonjason@nelson-king.info,Bryan,password,Student
250550,Linda Chambers,wgraves@yahoo.com,Linda,password,Student
250551,Julie Ford,gregory92@hotmail.com,Julie,password,Student
250552,Mr. Alexander Woods DVM,debrastevenson@yahoo.com,Mr.,password,Student
250553,Theresa Cole,alyssa37@yahoo.com,Theresa,password,Student
250554,Morgan Cook,evansholly@grant.com,Morgan,password,Student
250555,Amber Zavala,michael04@gmail.com,Amber,password,Student
250556,Adam Edwards,danasims@gmail.com,Adam,password,Student
250557,Brittany Spencer,justin19@hotmail.com,Brittany,password,Student
250558,Matthew Nichols,lisavazquez@conley-walker.com,Matthew,password,Student
250559,Joshua Ingram,donna11@lawson.com,Joshua,password,Student
250560,Jeffrey Davis,houstonjonathan@hotmail.com,Jeffrey,password,Student
250561,Erica Charles,annehansen@hotmail.com,Erica,password,Student
250562,Michelle Miller,lisa37@hotmail.com,Michelle,password,Student
250563,Harold Figueroa,browndana@gmail.com,Harold,password,Student
250564,Shane Everett,cunninghamscott@yahoo.com,Shane,password,Student
250565,Rick Wagner,mknox@yahoo.com,Rick,password,Student
250566,Jennifer Brandt,julieevans@hotmail.com,Jennifer,password,Student
250567,Courtney Moreno,wallacejeffrey@hotmail.com,Courtney,password,Student
250568,James Rodriguez,margaretthompson@villarreal.com,James,password,Student
250569,Andrew Graham,mariaramsey@cummings.info,Andrew,password,Student
250570,Lori Coleman,karen91@yahoo.com,Lori,password,Student
250571,Pamela Roberts,jameslucas@hotmail.com,Pamela,password,Student
250572,Mario Vega,james80@rodriguez.info,Mario,password,Student
250573,Kimberly Jones,pughamanda@delgado-rodriguez.com,Kimberly,password,Student
250574,John Thomas,jeremyosborne@hotmail.com,John,password,Student
250575,Steve King,jim99@yahoo.com,Steve,password,Student
250576,Victoria Gilbert,ecarey@yahoo.com,Victoria,password,Student
250577,Lauren Rush,castrocolin@hotmail.com,Lauren,password,Student
250578,Keith Sanders,rachel29@gmail.com,Keith,password,Student
250579,Kristin Ramirez,kevinramirez@hotmail.com,Kristin,password,Student
250580,Richard Simpson,wanda56@williams.org,Richard,password,Student
250581,Rachel Hooper,matthewsmith@gmail.com,Rachel,password,Student
250582,Brian Miranda,brian35@hotmail.com,Brian,password,Student
250583,Douglas Drake,shepherdmegan@hotmail.com,Douglas,password,Student
250584,Jennifer Harper,howardwhite@larson.net,Jennifer,password,Student
250585,Emily Thomas,hayesdenise@smith.com,Emily,password,Student
250586,Jennifer Anderson,walkercindy@gmail.com,Jennifer,password,Student
250587,Jeremy Rodriguez,xlee@yahoo.com,Jeremy,password,Student
250588,Walter Ross,chelseamills@hotmail.com,Walter,password,Student
250589,Zachary Jones,ericyang@grant.com,Zachary,password,Student
250590,Jonathan Jones,leemia@yahoo.com,Jonathan,password,Student
250591,Amy Carr,zwatson@hotmail.com,Amy,password,Student
250592,Matthew Stephenson,christine89@gmail.com,Matthew,password,Student
250593,Alexandra Padilla,alexismckay@gmail.com,Alexandra,password,Student
250594,Billy Sosa,roy33@yahoo.com,Billy,password,Student
250595,Lisa Sanchez,whiteheadlindsay@huynh.net,Lisa,password,Student
250596,Angela Williamson,ryanbradshaw@williams-jordan.com,Angela,password,Student
250597,Donald Walker,robertcarlson@hotmail.com,Donald,password,Student
250598,Dr. Amy Barnes DDS,juliecollins@yahoo.com,Dr.,password,Student
250599,Bradley Johnson,coreyharvey@cooper-morales.net,Bradley,password,Student
250600,Erika Holmes,juan62@gmail.com,Erika,password,Student
250601,Judy Chandler,ganderson@combs.org,Judy,password,Student
250602,Michael Blevins,michaelwilson@hotmail.com,Michael,password,Student
250603,Kathy Williams,bblankenship@huff.info,Kathy,password,Student
250604,Tamara Vega,phillipsmichael@hotmail.com,Tamara,password,Student
250605,Ryan Mcknight,mary18@yahoo.com,Ryan,password,Student
250606,Bill Wheeler,jevans@williams.com,Bill,password,Student
250607,Michael Williams,bprice@hotmail.com,Michael,password,Student
250608,Robert Ramirez,travisstrickland@gmail.com,Robert,password,Student
250609,Rodney Lynn,leekatherine@olsen.com,Rodney,password,Student
250610,Ryan Schaefer,millermelissa@hotmail.com,Ryan,password,Student
250611,Erika Blake,kennethrobertson@dixon.net,Erika,password,Student
250612,Theresa Duncan,connorwilson@moss.com,Theresa,password,Student
250613,Dr. Sarah Chase,hodgesrobin@peters-potter.org,Dr.,password,Student
250614,Kevin Haynes,raymond56@bradley.com,Kevin,password,Student
250615,Mark Stewart,zoe04@bennett-cox.info,Mark,password,Student
250616,Robyn Gilmore,sevans@hotmail.com,Robyn,password,Student
250617,Crystal Sims,lisa30@gmail.com,Crystal,password,Student
250618,Mr. Richard Hutchinson DDS,walkermichael@hotmail.com,Mr.,password,Student
250619,Mary Bowen,alicia16@yahoo.com,Mary,password,Student
250620,Norma Durham,johngarcia@gmail.com,Norma,password,Student
250621,Kari Livingston,lrobertson@yahoo.com,Kari,password,Student
250622,William Morris,jeffrey69@hotmail.com,William,password,Student
250623,Leslie Matthews,qgordon@hotmail.com,Leslie,password,Student
250624,Micheal Good,malvarado@gmail.com,Micheal,password,Student
250625,Nancy Anderson,jonathanwong@smith.com,Nancy,password,Student
250626,Alexander Patterson,bakermichael@patterson-grant.com,Alexander,password,Student
250627,Steven Cook,johnrodriguez@martinez.com,Steven,password,Student
250628,Tracy Rogers,diana24@hotmail.com,Tracy,password,Student
250629,Claire Barnes,davistodd@avila.com,Claire,password,Student
250630,Cody Silva,qduncan@yahoo.com,Cody,password,Student
250631,Sarah Blackburn,shellycollier@yahoo.com,Sarah,password,Student
250632,Sarah Smith,maria18@yahoo.com,Sarah,password,Student
250633,Jessica Santiago,christopherreynolds@thomas-moody.biz,Jessica,password,Student
250634,Anita Henderson,murraysherry@bailey.org,Anita,password,Student
250635,Melinda Carter,brandon95@yahoo.com,Melinda,password,Student
250636,Eric Palmer,smithjoshua@hotmail.com,Eric,password,Student
250637,Marc Dalton,danny83@perkins-lee.com,Marc,password,Student
250638,Nicholas Shelton,jasonwest@gmail.com,Nicholas,password,Student
250639,Michael Davis,alexiscantu@rodgers.com,Michael,password,Student
250640,Eric Dixon,tryan@mays-sullivan.info,Eric,password,Student
250641,Tanya Heath,levinealex@santos-tucker.com,Tanya,password,Student
250642,Kayla Terry,swansonangel@gmail.com,Kayla,password,Student
250643,Monica Bowen,lyonstricia@hotmail.com,Monica,password,Student
250644,Katie Hall,christopherhoward@evans.biz,Katie,password,Student
250645,Brian Mcgrath,cummingsdonald@gmail.com,Brian,password,Student
250646,Deanna Edwards,klee@gmail.com,Deanna,password,Student
250647,Joshua Best,pagemichael@gonzalez-thomas.com,Joshua,password,Student
250648,Linda Diaz,stephanieharris@gmail.com,Linda,password,Student
250649,Jessica Bentley,johnmiller@gmail.com,Jessica,password,Student
250650,Alicia Scott DDS,lchen@lawrence.info,Alicia,password,Student
250651,Christopher Morris,padillabrendan@gmail.com,Christopher,password,Student
250652,Cheryl White,lbowman@gmail.com,Cheryl,password,Student
250653,Casey Dalton,brianmercado@yahoo.com,Casey,password,Student
250654,Susan Johnson,ralph60@atkinson.com,Susan,password,Student
250655,Nicole Morales,xwise@robinson.com,Nicole,password,Student
250656,Kelly Williams,michaelhernandez@gmail.com,Kelly,password,Student
250657,John Underwood,abailey@gmail.com,John,password,Student
250658,Todd Spencer,carol10@hotmail.com,Todd,password,Student
250659,Brian Carter,michele88@logan.com,Brian,password,Student
250660,Zachary Barker,christinawells@soto.org,Zachary,password,Student
250661,Brandon Hatfield,terrimoore@hotmail.com,Brandon,password,Student
250662,Matthew Clayton,bwhite@spence.com,Matthew,password,Student
250663,Edgar Burns,nbennett@young.net,Edgar,password,Student
250664,Virginia Graham,kristi78@yahoo.com,Virginia,password,Student
250665,Edward Ochoa,meyerscharles@watts.net,Edward,password,Student
250666,Robert Huynh,teresa75@ruiz.biz,Robert,password,Student
250667,Dr. Barbara Bond,owright@yahoo.com,Dr.,password,Student
250668,Erin Davis,amandawatson@taylor-anderson.com,Erin,password,Student
250669,Katherine Beasley,danielle17@michael.com,Katherine,password,Student
250670,Jay Ward,wisezachary@hotmail.com,Jay,password,Student
250671,Erin Lee,rodney51@hotmail.com,Erin,password,Student
250672,Christine Cole,qfleming@yahoo.com,Christine,password,Student
250673,Valerie Carlson,alan78@rivera-massey.biz,Valerie,password,Student
250674,Amy Kennedy,clifford15@dixon.biz,Amy,password,Student
250675,Aaron Ibarra,pcarter@hotmail.com,Aaron,password,Student
250676,Laura Kim,antoniowebb@matthews.info,Laura,password,Student
250677,Janice Lewis,wilkinsonmatthew@gmail.com,Janice,password,Student
250678,James Boyd,samanthaperkins@rodriguez.org,James,password,Student
250679,Rodney Powell,joshuabush@lewis.com,Rodney,password,Student
250680,David Kirby,vbrown@haynes.com,David,password,Student
250681,Karen Garcia,aparsons@gmail.com,Karen,password,Student
250682,Maria Cook,nelsonkathleen@wheeler-williams.com,Maria,password,Student
250683,Edward Smith,tiffany39@ruiz.com,Edward,password,Student
250684,Jasmine Hayes DDS,wkidd@haynes.org,Jasmine,password,Student
250685,Jeremy Morris,steelejoshua@yahoo.com,Jeremy,password,Student
250686,Darren Gibbs,markjimenez@gmail.com,Darren,password,Student
250687,Ronnie Harmon,joneslaura@yahoo.com,Ronnie,password,Student
250688,Frank Rodriguez,qfreeman@hotmail.com,Frank,password,Student
250689,Miranda Butler,padillamonica@gmail.com,Miranda,password,Student
250690,Ashley Howell,dfoster@gardner.net,Ashley,password,Student
250691,Todd Lee,dawn38@gmail.com,Todd,password,Student
250692,Christine Higgins,baileynatasha@valdez.com,Christine,password,Student
250693,Martin Molina,davidtaylor@yahoo.com,Martin,password,Student
250694,David Young,christophercook@hotmail.com,David,password,Student
250695,Lisa Edwards,mccormickdaniel@thompson.com,Lisa,password,Student
250696,Cynthia Mitchell,rick78@ortiz.net,Cynthia,password,Student
250697,Amber Hughes,averydakota@mclaughlin.com,Amber,password,Student
250698,Richard Reyes,diane57@flores.com,Richard,password,Student
250699,Ryan Morgan,cmyers@gmail.com,Ryan,password,Student
250700,Stephanie Henry,edwardwright@yahoo.com,Stephanie,password,Student
250701,Lindsay Serrano,brittanymcclure@hotmail.com,Lindsay,password,Student
250702,David Bird,lgarcia@gmail.com,David,password,Student
250703,Beth Anderson,alexander07@schmidt.com,Beth,password,Student
250704,Alexandra Diaz,heather50@raymond.org,Alexandra,password,Student
250705,Stephen Williams,jonathan65@reeves-keller.com,Stephen,password,Student
250706,Brittany Li,mccarthywilliam@hotmail.com,Brittany,password,Student
250707,Andrew Parker,scott06@cole-mclean.com,Andrew,password,Student
250708,Paula Hayes,hortonmaria@hotmail.com,Paula,password,Student
250709,Daniel Lindsey,campostodd@holmes.com,Daniel,password,Student
250710,Jordan Galvan,rgraham@gmail.com,Jordan,password,Student
250711,Amy Nichols,humphreymatthew@reyes-davidson.com,Amy,password,Student
250712,Tristan Delgado,richard36@cunningham.com,Tristan,password,Student
250713,Shannon Hernandez,elizabeth12@gmail.com,Shannon,password,Student
250714,Anne Johnson,victoria62@roberts-barnes.com,Anne,password,Student
250715,Mark Rogers,romeromelanie@woods.info,Mark,password,Student
250716,Brian Davis,matthewnielsen@love-davis.info,Brian,password,Student
250717,John Sandoval,allenshelia@garcia.biz,John,password,Student
250718,Anthony Petersen,pauljason@yahoo.com,Anthony,password,Student
250719,Robert Anderson,gmarshall@hotmail.com,Robert,password,Student
250720,Anna Fernandez,josephkirby@snyder.com,Anna,password,Student
250721,Debbie Norton,ehansen@hotmail.com,Debbie,password,Student
250722,Karen Shaw,jose44@yahoo.com,Karen,password,Student
250723,David Davila,egarcia@yahoo.com,David,password,Student
250724,Leah Nash,zachary59@lawrence-griffin.com,Leah,password,Student
250725,Kristina Maldonado,tony24@small.info,Kristina,password,Student
250726,Michael Davis,schultzelizabeth@castillo.com,Michael,password,Student
250727,Craig Vasquez,dillonpeggy@hotmail.com,Craig,password,Student
250728,Tammy Morgan,williamschristopher@snyder.com,Tammy,password,Student
250729,Scott Heath,williamsmatthew@castro.com,Scott,password,Student
250730,Patrick Cruz,fergusonashley@hotmail.com,Patrick,password,Student
250731,Gina Bullock,stevenle@bentley.com,Gina,password,Student
250732,Tammy Torres,jjones@hotmail.com,Tammy,password,Student
250733,David Molina,hernandeztonya@hotmail.com,David,password,Student
250734,Dean Garza,fsanchez@taylor-hansen.net,Dean,password,Student
250735,Joyce Harper,crystal02@hernandez.com,Joyce,password,Student
250736,Kevin Gonzalez,yhansen@hotmail.com,Kevin,password,Student
250737,Richard Martin,evansthomas@mora.net,Richard,password,Student
250738,Tyler Stewart,revans@gmail.com,Tyler,password,Student
250739,Nathan Galloway,omunoz@moses-garcia.com,Nathan,password,Student
250740,Tracy Berger,johnsontimothy@anderson.biz,Tracy,password,Student
250741,James Chavez,jackreeves@yahoo.com,James,password,Student
250742,Rebecca Hines,xmoreno@alexander.com,Rebecca,password,Student
250743,Tyler Russell,dchoi@weber.com,Tyler,password,Student
250744,Shelby Hensley,sherrileon@gmail.com,Shelby,password,Student
250745,Brittney Weber,kristen30@clark.com,Brittney,password,Student
250746,Kathryn King,adaniel@padilla-carson.net,Kathryn,password,Student
250747,Jennifer Davis,tonicampbell@ortega.com,Jennifer,password,Student
250748,Holly Black,arnoldlinda@blair.net,Holly,password,Student
250749,Jessica Cook,pattonbetty@smith.com,Jessica,password,Student
250750,David Michael,anna08@yahoo.com,David,password,Student
250751,Mackenzie Guzman,matthew87@gmail.com,Mackenzie,password,Student
250752,Theresa Roman,rhayden@hotmail.com,Theresa,password,Student
250753,Shelby Spencer DVM,keith64@hotmail.com,Shelby,password,Student
250754,Brandon Hughes,phyllis91@hotmail.com,Brandon,password,Student
250755,Patricia Mckee,davenportcody@gmail.com,Patricia,password,Student
250756,Mark Peterson,tuckerdawn@yahoo.com,Mark,password,Student
250757,Virginia Fry,ikim@griffin-banks.com,Virginia,password,Student
250758,Zachary Merritt,huntcharles@yahoo.com,Zachary,password,Student
250759,Kathryn Jordan,awilson@gmail.com,Kathryn,password,Student
250760,Matthew Parks,ikeith@yahoo.com,Matthew,password,Student
250761,Tim Brock,sherri50@winters-johnson.com,Tim,password,Student
250762,Heidi Mendoza,daviscrystal@hotmail.com,Heidi,password,Student
250763,Michael Brown,ogarner@aguirre.org,Michael,password,Student
250764,Samuel Harris,timothy98@gmail.com,Samuel,password,Student
250765,Natasha Burgess,zgibson@morgan.net,Natasha,password,Student
250766,Zachary Yu,scook@hotmail.com,Zachary,password,Student
250767,Jonathan Harrison,bradymichelle@gmail.com,Jonathan,password,Student
250768,Robert Mann,richardkoch@jackson.com,Robert,password,Student
250769,Zachary Fowler,ele@montes.com,Zachary,password,Student
250770,Dylan Conner,msanders@gmail.com,Dylan,password,Student
250771,Ashley Goodwin,curtisamy@henry-macdonald.com,Ashley,password,Student
250772,Breanna Davis,williamsreginald@gmail.com,Breanna,password,Student
250773,Michelle Chase,ystewart@gmail.com,Michelle,password,Student
250774,Hannah Sellers,rjackson@gmail.com,Hannah,password,Student
250775,Sarah Meza,joseph20@hotmail.com,Sarah,password,Student
250776,Anthony Wagner,awoodard@stone-thompson.com,Anthony,password,Student
250777,Richard Russo,danielkirk@ford.com,Richard,password,Student
250778,Monica James,michaelbyrd@baker.com,Monica,password,Student
250779,Daniel Green,jonathanharrington@hotmail.com,Daniel,password,Student
250780,Karen Rodriguez,paulaklein@lowery.com,Karen,password,Student
250781,Kendra Cooley,petersonbrandon@yahoo.com,Kendra,password,Student
250782,Tyler Bullock,courtney68@gmail.com,Tyler,password,Student
250783,Paul Collier,ericsullivan@yahoo.com,Paul,password,Student
250784,Debra Reynolds,vbryant@coleman-gallegos.net,Debra,password,Student
250785,Dalton Hughes,hjones@arnold-wright.biz,Dalton,password,Student
250786,Allison Gonzalez,brian57@kramer-fox.com,Allison,password,Student
250787,Cassandra Welch,christina89@schultz-davidson.com,Cassandra,password,Student
250788,Jessica Williams,jillpowell@hill.com,Jessica,password,Student
250789,Phyllis Sanchez,adam98@gmail.com,Phyllis,password,Student
250790,Todd Neal,donfrancis@hotmail.com,Todd,password,Student
250791,Christopher Morgan,jeffrey27@jackson.net,Christopher,password,Student
250792,Lisa Lane,clee@perez.org,Lisa,password,Student
250793,Carly Riley,davidrush@bennett-garza.com,Carly,password,Student
250794,Jack Porter,marcia34@gmail.com,Jack,password,Student
250795,Sandra Mathews,steven14@lewis.org,Sandra,password,Student
250796,Richard Sutton,heatherblevins@yahoo.com,Richard,password,Student
250797,Kelly Dixon,williamsdawn@hotmail.com,Kelly,password,Student
250798,Clifford Osborne,harry28@davis.com,Clifford,password,Student
250799,Susan Morales,brasmussen@hotmail.com,Susan,password,Student
250800,Deanna Rios,ngarza@ford.net,Deanna,password,Student
250801,Andrew Boyd,caitlyn44@gmail.com,Andrew,password,Student
250802,Bradley Thomas,potterdylan@howe-russo.info,Bradley,password,Student
250803,Patrick Thompson,megan67@yahoo.com,Patrick,password,Student
250804,John Mahoney,jonesmichelle@booker.com,John,password,Student
250805,Patricia Rowe,amandajones@jenkins.info,Patricia,password,Student
250806,John Smith,jacob18@maynard-fisher.com,John,password,Student
250807,Joseph Mcmahon,lnichols@gmail.com,Joseph,password,Student
250808,April Johnson,martinsummer@sanders.com,April,password,Student
250809,Rachel Miles,amanda58@morton.com,Rachel,password,Student
250810,Steven Zhang MD,leah05@smith-ramirez.com,Steven,password,Student
250811,Tara Cole,amandaharrell@williamson-clark.org,Tara,password,Student
250812,Tiffany Wolfe,james94@mckee.net,Tiffany,password,Student
250813,Eric Smith,xellis@gmail.com,Eric,password,Student
250814,Brandon Ross,melissa54@hotmail.com,Brandon,password,Student
250815,Mr. Christopher Bailey,margaretnelson@brown-brown.com,Mr.,password,Student
250816,Crystal Medina,sabrinaherrera@yahoo.com,Crystal,password,Student
250817,Kristen Meyer,davidwallace@duarte-snow.com,Kristen,password,Student
250818,Samuel Ryan,brownkelly@elliott.net,Samuel,password,Student
250819,Jesse Pruitt,ernestlang@hotmail.com,Jesse,password,Student
250820,John Carter,samantha02@hotmail.com,John,password,Student
250821,Stephen Moody,igaines@mitchell-walsh.com,Stephen,password,Student
250822,Michelle Brown,lovemark@yahoo.com,Michelle,password,Student
250823,Mr. James Young,garciaeric@gmail.com,Mr.,password,Student
250824,Jeff Jackson,lucerosarah@yahoo.com,Jeff,password,Student
250825,Johnny Friedman,zreyes@murphy-jones.com,Johnny,password,Student
250826,Sandra Montgomery,curtis75@yahoo.com,Sandra,password,Student
250827,Joseph Johnson,levans@yahoo.com,Joseph,password,Student
250828,Nathaniel Whitaker,vanessa25@sullivan.info,Nathaniel,password,Student
250829,Emily Barrett,bassjeffrey@dickerson-pollard.info,Emily,password,Student
250830,Kayla Brown,grantnicholas@garcia.com,Kayla,password,Student
250831,Nicole King,vrobbins@yahoo.com,Nicole,password,Student
250832,Rachel Lewis,monica08@davies.biz,Rachel,password,Student
250833,Kimberly Young,judy52@hotmail.com,Kimberly,password,Student
250834,Christine Diaz MD,lindamorton@turner.info,Christine,password,Student
250835,Dakota Bautista,wlang@stewart.com,Dakota,password,Student
250836,Tiffany Williams,robin15@woodard.com,Tiffany,password,Student
250837,Eugene Montes,jrangel@yahoo.com,Eugene,password,Student
250838,Ryan Bowman,ahernandez@gmail.com,Ryan,password,Student
250839,Nicole Sanchez,crystallawrence@gates.com,Nicole,password,Student
250840,Amanda Watson,susanadkins@hotmail.com,Amanda,password,Student
250841,Dana Bailey,adkinsandrew@smith-sanchez.com,Dana,password,Student
250842,Donna Ho,kevinforbes@harper.com,Donna,password,Student
250843,Jennifer Steele,reynoldsjonathan@hotmail.com,Jennifer,password,Student
250844,Aaron Carter,lindsaysmith@yahoo.com,Aaron,password,Student
250845,Alexis Wilson,jrobertson@gmail.com,Alexis,password,Student
250846,Diana Wood,leonarnold@turner-fernandez.net,Diana,password,Student
250847,Todd Herrera,ngeorge@arnold.org,Todd,password,Student
250848,Craig Young,ryanbeasley@yahoo.com,Craig,password,Student
250849,Daniel Nichols,joseph57@forbes.com,Daniel,password,Student
250850,Ashley Murphy,gregorybenjamin@allen.com,Ashley,password,Student
250851,Scott Werner,matthew26@jones-delgado.com,Scott,password,Student
250852,David Atkins,stephanie90@gmail.com,David,password,Student
250853,Jessica Evans,oliviahowell@hotmail.com,Jessica,password,Student
250854,Thomas Hughes,iduncan@yahoo.com,Thomas,password,Student
250855,Jennifer Dawson,howardcynthia@gmail.com,Jennifer,password,Student
250856,Rachael Gibson,williamjimenez@vargas-herring.com,Rachael,password,Student
250857,Thomas Diaz,sean97@yahoo.com,Thomas,password,Student
250858,Julia Chambers,elizabethestrada@freeman-jones.net,Julia,password,Student
250859,Brett Keller,coreyjones@martinez-norris.org,Brett,password,Student
250860,Lindsey Chen,christineromero@hotmail.com,Lindsey,password,Student
250861,Melissa Johnson,torresjames@yahoo.com,Melissa,password,Student
250862,Stephen Johnson,ingramlauren@davis.biz,Stephen,password,Student
250863,Theresa Luna,margaretlowery@gmail.com,Theresa,password,Student
250864,Michelle Espinoza,ericperez@yahoo.com,Michelle,password,Student
250865,Ronald Brown MD,emiller@gmail.com,Ronald,password,Student
250866,Jasmine Sharp,shelly85@watson.com,Jasmine,password,Student
250867,Chris Bridges,elizabeththompson@wilson.com,Chris,password,Student
250868,Ryan Hanson,jessicabrown@gmail.com,Ryan,password,Student
250869,Jason Patel,dianasimpson@smith.com,Jason,password,Student
250870,Brittany Hickman,karlmiller@hotmail.com,Brittany,password,Student
250871,Anna Carroll,ucarroll@frost.com,Anna,password,Student
250872,Deanna Mcintyre,masonconnie@yahoo.com,Deanna,password,Student
250873,Lori Williams,james12@bender-stewart.net,Lori,password,Student
250874,Robin Allen,josephweeks@phillips.org,Robin,password,Student
250875,Marie Mullins,abigailanthony@mccall.com,Marie,password,Student
250876,Dwayne Peterson,kimdiamond@young.com,Dwayne,password,Student
250877,Jordan Walls,tleonard@gmail.com,Jordan,password,Student
250878,Kristina Sparks,icurtis@hotmail.com,Kristina,password,Student
250879,Andrew Peterson,irodriguez@ruiz.info,Andrew,password,Student
250880,Teresa Day,rachaelfernandez@hotmail.com,Teresa,password,Student
250881,Michael Harper,kevinhaley@gmail.com,Michael,password,Student
250882,Jason Johnson,jessicawells@gmail.com,Jason,password,Student
250883,Joseph Ashley,burgesscourtney@yahoo.com,Joseph,password,Student
250884,Michelle Herrera,anthonygarcia@phillips.net,Michelle,password,Student
250885,Brian Campos,jennifer23@thomas-alexander.com,Brian,password,Student
250886,Stephanie Williams,durhamcatherine@silva.com,Stephanie,password,Student
250887,Jesse Harris,brownshawn@porter.info,Jesse,password,Student
250888,Martin Daugherty,maynardevan@jensen-baker.com,Martin,password,Student
250889,Ryan Herrera,timothykelly@griffin.com,Ryan,password,Student
250890,Jose Galloway,williamsjames@lewis.com,Jose,password,Student
250891,Lori Torres,montgomeryjacob@rhodes.info,Lori,password,Student
250892,Daniel Bray,robinpetty@hotmail.com,Daniel,password,Student
250893,Wesley Reyes,blynch@yahoo.com,Wesley,password,Student
250894,Courtney Palmer,slewis@gmail.com,Courtney,password,Student
250895,Patrick Li,curtisvirginia@roberts.com,Patrick,password,Student
250896,Elizabeth Stephens,heather76@hotmail.com,Elizabeth,password,Student
250897,Tyler Mays,jessica58@warren.biz,Tyler,password,Student
250898,Theresa Leon,clayton42@roberts.com,Theresa,password,Student
250899,Matthew Neal,joyceandrade@jordan.biz,Matthew,password,Student
250900,William Boyle,mariah52@lindsey.net,William,password,Student
250901,Roger Singleton,boylechristine@garcia-michael.com,Roger,password,Student
250902,Blake Thompson,emilyfriedman@johnson-hernandez.com,Blake,password,Student
250903,Helen Jones,anthony97@hotmail.com,Helen,password,Student
250904,Erica Barrett,comptonamber@rodriguez.com,Erica,password,Student
250905,Steven Kane,griffithashley@yahoo.com,Steven,password,Student
250906,Judith Lee,hooveralan@yahoo.com,Judith,password,Student
250907,Rebecca Archer,josephsanford@gonzalez.info,Rebecca,password,Student
250908,Jennifer Robinson,jasonowens@fitzgerald.net,Jennifer,password,Student
250909,Gabriela Brown,tracy16@palmer.com,Gabriela,password,Student
250910,Mary Wilkinson,qbarnes@hotmail.com,Mary,password,Student
250911,Patrick Perez,garciadaniel@hotmail.com,Patrick,password,Student
250912,John Sweeney,theresa26@obrien.com,John,password,Student
250913,Nancy Andrews,christopher54@logan-henry.net,Nancy,password,Student
250914,Brent Davidson,andersonanna@yahoo.com,Brent,password,Student
250915,Becky Carpenter,hernandezlisa@lambert.org,Becky,password,Student
250916,Michelle Hines,danielbell@smith.com,Michelle,password,Student
250917,James Cooper,carol39@davies-zhang.info,James,password,Student
250918,Noah Williams II,uwhite@hotmail.com,Noah,password,Student
250919,Justin Mitchell,dianaflores@hotmail.com,Justin,password,Student
250920,Peter Christensen,petersregina@mendoza.org,Peter,password,Student
250921,James Duncan,shelbymorris@barry.net,James,password,Student
250922,Jonathan Anderson,joseph37@myers.com,Jonathan,password,Student
250923,Michele Mckenzie,mandrews@wright-owens.com,Michele,password,Student
250924,James Gross,kelly15@hotmail.com,James,password,Student
250925,Justin Montgomery,blackpaige@smith-obrien.com,Justin,password,Student
250926,Richard Stephens,joseph32@yahoo.com,Richard,password,Student
250927,Sarah Doyle,jessicawashington@gutierrez-martin.com,Sarah,password,Student
250928,Adam Mccarthy,joycerobin@yahoo.com,Adam,password,Student
250929,Leslie Williams,navarrotina@west.com,Leslie,password,Student
250930,Anne Glover,nicholasjames@hotmail.com,Anne,password,Student
250931,Robert Morrison,athomas@jimenez.com,Robert,password,Student
250932,Daniel Johnson,anthonyhughes@gmail.com,Daniel,password,Student
250933,Dorothy Gardner,collinslaura@yahoo.com,Dorothy,password,Student
250934,Nancy Morrison,morrisamber@yahoo.com,Nancy,password,Student
250935,Brian Freeman,kpope@hotmail.com,Brian,password,Student
250936,Rachel Mendoza,dgarcia@white-herring.com,Rachel,password,Student
250937,Thomas Cox,richardmoore@cisneros-rogers.org,Thomas,password,Student
250938,Jill Taylor,michael76@gmail.com,Jill,password,Student
250939,Jonathan Horton,campbellbrandon@johnson.com,Jonathan,password,Student
250940,Jenna Bradley,jeremy98@kramer.com,Jenna,password,Student
250941,Bradley Landry,cassandra55@gmail.com,Bradley,password,Student
250942,Michael Odom,ellisdaniel@hotmail.com,Michael,password,Student
250943,Taylor Alvarez,lucasmelanie@conway.com,Taylor,password,Student
250944,Lindsay Beck,carlsonsamantha@yahoo.com,Lindsay,password,Student
250945,James Garcia,pamela03@gibson.com,James,password,Student
250946,Jason Miller,daughertymichael@gmail.com,Jason,password,Student
250947,James Bell DVM,ebutler@young.com,James,password,Student
250948,Jason Douglas,frichard@hotmail.com,Jason,password,Student
250949,Megan Hansen,johnsonrobert@yahoo.com,Megan,password,Student
250950,Gregory Nelson,santiagolinda@howard.com,Gregory,password,Student
250951,Jose Sullivan,rebeccagonzalez@yahoo.com,Jose,password,Student
250952,Erika Powers,hunterjessica@hotmail.com,Erika,password,Student
250953,Christopher Johnson,david65@gmail.com,Christopher,password,Student
250954,David Gonzalez,sharonsmith@chan.com,David,password,Student
250955,Danny Lee,morrowlori@farrell-jenkins.net,Danny,password,Student
250956,Derek Jennings,pblair@gmail.com,Derek,password,Student
250957,Mrs. Brianna Sullivan,jameswallace@kennedy.info,Mrs.,password,Student
250958,Zachary Bridges,rwallace@hotmail.com,Zachary,password,Student
250959,Veronica Jones,donald79@hotmail.com,Veronica,password,Student
250960,Patrick Howard,gpeterson@bailey.com,Patrick,password,Student
250961,Katrina Schwartz,johnarnold@yahoo.com,Katrina,password,Student
250962,Mark Kim,rjohnson@young-smith.com,Mark,password,Student
250963,Ashley Cook,nicole53@yahoo.com,Ashley,password,Student
250964,Lance Lee,angelacarroll@buck-webb.net,Lance,password,Student
250965,Brittany Jones,butleredward@hotmail.com,Brittany,password,Student
250966,Victoria Black,foconnor@hanson.net,Victoria,password,Student
250967,Theodore Carter DVM,xhood@gmail.com,Theodore,password,Student
250968,Andrew Smith,margaret68@yahoo.com,Andrew,password,Student
250969,Robert Walker,kristingentry@johnson-williams.net,Robert,password,Student
250970,Stephanie Smith,wmason@neal.biz,Stephanie,password,Student
250971,Lauren Owens,garciarichard@gmail.com,Lauren,password,Student
250972,Rachel Bass,dianablack@gmail.com,Rachel,password,Student
250973,Jeffrey Baker,deborah82@yahoo.com,Jeffrey,password,Student
250974,April Ross,dhill@hotmail.com,April,password,Student
250975,Taylor Jimenez,richard30@peterson.com,Taylor,password,Student
250976,Joshua Hill,pjimenez@marquez.com,Joshua,password,Student
250977,Katherine Young,gmason@valenzuela.com,Katherine,password,Student
250978,Heather Martinez,dpierce@mccarthy.org,Heather,password,Student
250979,Ronnie Richardson,shelly78@yahoo.com,Ronnie,password,Student
250980,Joshua Rivera,valdezjesse@henderson-perkins.com,Joshua,password,Student
250981,Danny Leblanc,pamevans@yahoo.com,Danny,password,Student
250982,Brad Weaver,tony35@edwards-santos.org,Brad,password,Student
250983,Charles Johnson,nmorris@hotmail.com,Charles,password,Student
250984,Thomas Lucero,gary44@yahoo.com,Thomas,password,Student
250985,Gregory Maddox,holmeskristina@hotmail.com,Gregory,password,Student
250986,Beverly Brandt,wrice@hotmail.com,Beverly,password,Student
250987,Troy Carpenter,hogansamantha@yahoo.com,Troy,password,Student
250988,Susan Olson,hayesashley@gmail.com,Susan,password,Student
250989,Jessica Griffin,xhill@hotmail.com,Jessica,password,Student
250990,Jamie Hernandez,aedwards@yahoo.com,Jamie,password,Student
250991,Brian Obrien,denise97@gmail.com,Brian,password,Student
250992,Alex Mitchell,thomasacosta@flynn-harris.com,Alex,password,Student
250993,Deborah Taylor,darren80@gmail.com,Deborah,password,Student
250994,Lauren Bowman,solson@anderson.com,Lauren,password,Student
250995,Luis Fry,gabbott@gmail.com,Luis,password,Student
250996,Samantha Wilson,nicholas93@lopez-romero.com,Samantha,password,Student
250997,Jocelyn Dawson,patriciabarker@clark.com,Jocelyn,password,Student
250998,Zachary Lee,johnmorgan@yahoo.com,Zachary,password,Student
250999,Joseph Davis,gstewart@owens.biz,Joseph,password,Student
251000,Katrina Shields,monica03@gmail.com,Katrina,password,Student
